Nitrosomonas,425781
Chitinophaga,325716
Xanthomonas,223031
Acidovorax,209743
Mesorhizobium,198886
Hyphomicrobium,190411
Pedobacter,148858
Rhodopseudomonas,130356
Bacteroides,120989
Flavobacterium,119051
Burkholderia,118165
Stenotrophomonas,103880
Nitrobacter,100803
Cytophaga,95777
Bradyrhizobium,95266
Rhodobacter,92985
Pseudomonas,84948
Rhizobium,84509
Sinorhizobium,77421
Paracoccus,75831
Bordetella,72451
Dyadobacter,71812
Methylobacterium,71121
Chelativorans,66739
Cupriavidus,63557
Leadbetterella,62425
Pseudoxanthomonas,61501
Variovorax,58444
Sphingobacterium,58006
Spirosoma,55918
Albidiferax,54926
Agrobacterium,54171
Brucella,52891
Gramella,50608
Xanthobacter,47069
Alicycliphilus,46181
Caulobacter,46132
Thauera,45943
Delftia,44683
Verminephrobacter,44252
Brevundimonas,42641
Ralstonia,42527
Chryseobacterium,41388
Achromobacter,40600
Parvibaculum,40374
Ruegeria,40195
Roseiflexus,40157
Anaerolinea,39694
Parabacteroides,39285
Prevotella,39032
Xylella,38748
Magnetospirillum,38508
Ochrobactrum,38144
Oligotropha,37981
unclassified (derived from Bacteria),37445
Polaromonas,37267
Bacillus,37176
Rhodopirellula,36837
Truepera,36713
unclassified (derived from Flavobacteriaceae),35668
Clostridium,35205
Gemmatimonas,35105
Geobacter,34464
Comamonas,34391
Chlorobium,33742
Sphingopyxis,32799
Methylibium,32287
Mucilaginibacter,31651
Marivirga,31411
Streptomyces,31235
Rhodospirillum,30903
Aromatoleum,30849
Leptothrix,30341
Planctomyces,29353
Roseobacter,29070
Azorhizobium,28897
Azoarcus,28651
Shewanella,27541
Capnocytophaga,26703
Sphingomonas,26684
Mycobacterium,26508
Janthinobacterium,26323
Deinococcus,25984
Algoriphagus,25170
Microscilla,25168
Maribacter,24763
Polaribacter,23327
Pirellula,23076
Porphyromonas,22720
Rhodomicrobium,22582
Chloroflexus,22476
Blastopirellula,21575
unclassified (derived from Flavobacteriales),21466
Robiginitalea,20959
Zunongwangia,20933
Desulfovibrio,20652
Riemerella,20508
Herpetosiphon,20449
unclassified (derived from Flavobacteriia),20256
Methylocella,20194
Labrenzia,20048
Croceibacter,20009
Anaeromyxobacter,19994
Leeuwenhoekiella,19952
Aurantimonas,19936
Starkeya,19178
Candidatus Solibacter,18214
Synechococcus,18173
Meiothermus,17970
Roseovarius,17703
Dechloromonas,17308
Acinetobacter,17217
Vibrio,17175
Sphaerobacter,16600
Rhodothermus,16486
Nitrosococcus,16440
Leifsonia,16082
Clavibacter,15686
Thermus,15603
Erythrobacter,15443
Marinobacter,15442
unclassified (derived from Gammaproteobacteria),15436
Arthrobacter,15132
Nitrosospira,15070
Curvibacter,14905
Dokdonia,14652
unclassified (derived from Actinobacteria (class)),14502
Bartonella,14488
Oceanicola,14398
Cellulophaga,14355
Myxococcus,14119
Dinoroseobacter,13973
Salinibacter,13919
Paludibacter,13879
Lautropia,13719
Alistipes,13252
Rhodococcus,13033
Phenylobacterium,13000
Herminiimonas,12931
Pelobacter,12813
Azospirillum,12688
Methylobacillus,12494
Chloroherpeton,12422
Psychroflexus,12391
Nocardioides,12353
Corynebacterium,12276
Thiobacillus,12236
Frankia,12168
Hyphomonas,12157
Escherichia,12063
Maritimibacter,11784
Acidiphilium,11580
Methylococcus,11545
Sphingobium,11510
Candidatus Accumulibacter,11296
Thiomonas,11181
Chthoniobacter,11103
Afipia,11077
Hoeflea,10940
Novosphingobium,10860
Bdellovibrio,10833
Candidatus Koribacter,10827
unclassified (derived from Bacteroidetes),10652
Leptospira,10629
Maricaulis,10566
Thioalkalivibrio,10522
Paenibacillus,10502
Weeksella,10431
Geodermatophilus,10405
Pelodictyon,10160
unclassified (derived from Alphaproteobacteria),10105
Chlorobaculum,10078
Polynucleobacter,10012
Verrucomicrobium,9745
Herbaspirillum,9722
Pseudoalteromonas,9661
Neisseria,9570
Opitutus,9336
Lactobacillus,9203
Legionella,9201
Ktedonobacter,9169
Beijerinckia,9145
Cyanothece,9117
Kordia,9107
Rubrobacter,9105
Chromobacterium,8889
Methylosinus,8888
Anabaena,8632
Symbiobacterium,8323
Geobacillus,8302
Candidatus Amoebophilus,8294
Granulibacter,8290
Yersinia,8148
Salmonella,8055
Alkalilimnicola,8041
Aeromonas,7911
Sorangium,7880
Thermobaculum,7853
Ketogulonicigenium,7648
Methylocystis,7628
Haliangium,7591
Conexibacter,7420
Hahella,7353
Isosphaera,7347
Nostoc,7317
Syntrophus,7268
Nitrococcus,7233
Methanosarcina,7161
Pseudovibrio,7097
Haemophilus,7081
Streptococcus,7078
Oscillochloris,6960
Thermomicrobium,6959
Zymomonas,6693
Serratia,6583
Loktanella,6576
Desulfotomaculum,6557
Gloeobacter,6528
Desulfitobacterium,6500
Staphylococcus,6487
Propionibacterium,6467
unclassified (derived from unclassified sequences),6449
Gemmata,6441
Fulvimarina,6304
Prosthecochloris,6289
Methylotenera,6268
Acidithiobacillus,6171
Psychrobacter,6103
unclassified (derived from Rhodobacteraceae),6034
Tetrahymena,6002
Azotobacter,5990
Asticcacaulis,5934
Oceanicaulis,5889
Gluconacetobacter,5783
Roseibium,5638
Xenopus,5628
Stigmatella,5611
Pelagibaca,5605
Magnetococcus,5595
Lutiella,5536
Syntrophobacter,5474
Allochromatium,5415
Sideroxydans,5371
Campylobacter,5322
Citreicella,5301
Alkaliphilus,5289
Chromohalobacter,5274
Limnobacter,5211
Marinomonas,5206
Dehalococcoides,5117
Roseomonas,5057
Salinispora,5001
Acidobacterium,4983
Synechocystis,4958
Parvularcula,4939
Enterobacter,4935
Microcystis,4901
Idiomarina,4874
Alcanivorax,4858
Fusobacterium,4846
Photobacterium,4842
Thermotoga,4825
Klebsiella,4783
Octadecabacter,4768
Saccharopolyspora,4755
unclassified (derived from Peptostreptococcaceae),4717
Rickettsia,4709
Desulfococcus,4687
Halorhodospira,4681
Eubacterium,4647
Thermaerobacter,4615
Spirochaeta,4566
Nitrospira,4563
Congregibacter,4545
Caldanaerobacter,4544
Kribbella,4513
Sagittula,4474
Gluconobacter,4473
Thermobifida,4426
Gallionella,4408
Ahrensia,4404
unclassified (derived from Rhodobacterales),4396
Treponema,4366
Oxalobacter,4341
Helicobacter,4332
Actinobacillus,4329
Bifidobacterium,4307
Cellvibrio,4268
Nematostella,4206
Nakamurella,4170
Caldicellulosiruptor,4165
Saccharophagus,4150
Francisella,4093
Prochlorococcus,4052
unclassified (derived from Deltaproteobacteria),4002
Carboxydothermus,4000
Mycoplasma,4000
Pectobacterium,3999
Micromonospora,3993
Laribacter,3945
Nocardia,3923
Kangiella,3910
Oceanithermus,3722
Streptosporangium,3684
Colwellia,3667
Beutenbergia,3641
Shigella,3618
Paramecium,3603
Hirschia,3602
Methylobacter,3557
Moorella,3526
Candidatus Kuenenia,3510
Acidothermus,3504
Brevibacterium,3500
Dehalogenimonas,3496
Thermoanaerobacter,3441
Listeria,3423
Citrobacter,3419
Plesiocystis,3392
Trichodesmium,3362
Enterococcus,3342
Hydra,3339
Desulfatibacillum,3337
Arthrospira,3332
Oceanibulbus,3320
Denitrovibrio,3300
unclassified (derived from Verrucomicrobiales),3299
Blattabacterium,3290
Dickeya,3263
unclassified (derived from other sequences),3259
Desulfobacterium,3233
Pelotomaculum,3192
Alicyclobacillus,3169
Alteromonas,3161
Psychromonas,3158
Actinomyces,3154
Sulfurihydrogenibium,3103
Candidatus Pelagibacter,3077
Photorhabdus,3076
Akkermansia,3073
Janibacter,3065
Reinekea,3055
Pantoea,3003
Aquifex,2997
Arabidopsis,2984
Coraliomargarita,2978
Desulfomicrobium,2950
Actinosynnema,2925
Dictyoglomus,2894
Thermosipho,2880
Xylanimonas,2856
Acaryochloris,2852
Brevibacillus,2839
Catenulispora,2834
Dictyostelium,2833
Kineococcus,2829
Kytococcus,2828
Diplosphaera,2801
Cellulomonas,2796
Halothermothrix,2791
Thermomonospora,2724
Bacteriovorax,2697
Sulfitobacter,2694
Sulfurimonas,2692
Ruminococcus,2647
Exiguobacterium,2628
Coxiella,2609
Syntrophomonas,2596
Oceanobacillus,2594
Arcobacter,2582
Candidatus Puniceispirillum,2571
Halothiobacillus,2553
Providencia,2530
Desulfotalea,2525
Methylacidiphilum,2523
Desulfurivibrio,2507
Thermosynechococcus,2494
Micrococcus,2470
Thiomicrospira,2446
Desulfuromonas,2440
Heliobacterium,2434
Halomonas,2428
Volvox,2421
Thermobispora,2393
Desulfurispirillum,2383
Stackebrandtia,2380
Intrasporangium,2354
Brachyspira,2348
Phaeobacter,2337
Selenomonas,2335
Xenorhabdus,2297
Erwinia,2226
Populus,2215
Caenorhabditis,2212
Dichelobacter,2194
Renibacterium,2189
Aliivibrio,2183
Citromicrobium,2134
Nocardiopsis,2133
Ricinus,2121
Terriglobus,2098
Saccharomonospora,2057
Kyrpidia,2053
Amycolatopsis,2050
Blautia,2046
Thermincola,2031
Deferribacter,2030
Natranaerobius,2029
Teredinibacter,2019
Nodularia,2012
Thermodesulfovibrio,2012
unclassified (derived from Burkholderiales),2004
Acetivibrio,1982
Pasteurella,1969
Lentisphaera,1964
Gordonia,1962
Microcoleus,1962
Wolbachia,1962
Sanguibacter,1957
Brachybacterium,1950
Acetobacter,1945
Leptospirillum,1927
Fibrobacter,1909
Desulfobulbus,1881
Leptotrichia,1868
Thalassobium,1855
Candidatus Protochlamydia,1839
Granulicella,1839
Calditerrivibrio,1831
Candidatus Sulcia,1820
Jonesia,1816
Drosophila,1801
Tolumonas,1795
Veillonella,1789
Candidatus Desulforudis,1783
Cardiobacterium,1769
Desulfarculus,1758
Proteus,1753
Thermosediminibacter,1718
Edwardsiella,1712
Kocuria,1704
Methylovorus,1703
Pyrococcus,1693
Cronobacter,1688
Methanospirillum,1687
Sebaldella,1683
Thermococcus,1661
Desulfohalobium,1658
Borrelia,1635
Ferrimonas,1630
Neptuniibacter,1620
Petrotoga,1617
Taylorella,1590
unclassified (derived from Erysipelotrichaceae),1584
Methylophaga,1582
Dethiobacter,1580
Anoxybacillus,1573
unclassified (derived from Clostridiales),1567
Methanococcoides,1557
Lyngbya,1553
Dethiosulfovibrio,1549
Wolinella,1537
Oryza,1527
Rothia,1524
Persephonella,1522
Halanaerobium,1514
Thermoanaerobacterium,1510
Lactococcus,1509
Thermosinus,1502
Methanococcus,1484
Peptoniphilus,1469
Mariprofundus,1462
Hydrogenivirga,1455
Fervidobacterium,1447
Thermanaerovibrio,1408
Nitratiruptor,1407
Ammonifex,1402
Anaerococcus,1386
Tsukamurella,1377
unclassified (derived from Proteobacteria),1372
Elusimicrobium,1360
Anaerobaculum,1345
Syntrophothermus,1345
Aminobacterium,1338
Waddlia,1336
Candidatus Cloacamonas,1315
Physcomitrella,1303
Lysinibacillus,1297
Sulfurovum,1297
Acyrthosiphon,1291
Chlamydia,1289
Parachlamydia,1286
unclassified (derived from Euryarchaeota),1281
Aspergillus,1279
Desulfonatronospira,1279
Buchnera,1253
Danio,1253
Oscillatoria,1240
Bermanella,1238
Lawsonia,1229
Methanoregula,1225
Hydrogenobacter,1219
Ilyobacter,1217
Crocosphaera,1216
Anopheles,1206
Aggregatibacter,1204
unclassified (derived from Betaproteobacteria),1175
Ostreococcus,1169
Ectocarpus,1166
unclassified (derived from Archaea),1154
Dermacoccus,1152
Plasmodium,1152
Mobiluncus,1147
Acidimicrobium,1144
Acholeplasma,1138
Sutterella,1137
Finegoldia,1128
Moraxella,1118
Atopobium,1107
Methanosphaerula,1106
Histophilus,1097
Kosmotoga,1089
Archaeoglobus,1084
Schizosaccharomyces,1084
unclassified (derived from Poribacteria),1072
Ciona,1071
Ehrlichia,1066
Butyrivibrio,1063
Sodalis,1060
Haloarcula,1052
Mus,1044
Acetohalobium,1037
unclassified (derived from Sphingobacteriales),1037
Methanocaldococcus,1030
unclassified (derived from Campylobacterales),1030
Homo,1018
Victivallis,1007
Eikenella,1001
Slackia,994
Methanothermobacter,986
Tropheryma,964
Basfia,954
Coprothermobacter,924
Coprococcus,914
Segniliparus,906
Eggerthella,901
Aedes,899
Collinsella,896
Endoriftia,890
Leuconostoc,886
Sulfuricurvum,886
Kingella,884
Acidaminococcus,878
Anaplasma,876
Phytophthora,873
Sulfolobus,866
Faecalibacterium,860
Nautilia,856
unclassified (derived from Vibrionaceae),856
Catenibacterium,847
Enhydrobacter,847
Pseudoflavonifractor,839
Marinitoga,837
Simonsiella,827
unclassified (derived from Siphoviridae),827
Terrimonas,824
Thermovibrio,821
Daphnia,799
Gallus,795
Dietzia,780
Moritella,780
unclassified (derived from Chloroflexi),772
Dialister,767
Saccharomyces,757
Ethanoligenens,752
Methanoculleus,751
Pediococcus,750
Mannheimia,747
Thermoplasma,745
Bilophila,739
Gibberella,736
Rattus,727
unclassified (derived from Lachnospiraceae),725
Neurospora,706
Kitasatospora,703
Roseburia,697
Oenococcus,692
Cellulosilyticum,687
Trichoplax,687
Macrococcus,684
Thermocrinis,684
Methanobrevibacter,683
Peptostreptococcus,683
Methanosaeta,681
Phaeodactylum,681
Streptobacillus,678
Hydrogenobaculum,677
Naegleria,674
Branchiostoma,672
Leishmania,668
Polysphondylium,666
unclassified (derived from Alteromonadales),664
Filobasidiella,663
Methanocella,654
Holdemania,646
Methylophilus,641
Pyrobaculum,641
unclassified (derived from Elusimicrobia),641
Trichormus,629
unclassified (derived from Nitrosomonadaceae),626
Sordaria,625
Arcanobacterium,622
Ixodes,621
Aminomonas,619
Anaerotruncus,618
Cylindrospermopsis,617
Planococcus,616
Bos,610
Orientia,606
Nitratifractor,604
Cryptobacterium,603
Candidatus Phytoplasma,600
Megasphaera,596
Mitsuokella,593
Selaginella,593
Sulfurospirillum,583
Candidatus Liberibacter,579
Sorghum,577
Trypanosoma,576
Vitis,575
Cyanobium,563
Oribacterium,562
Anaerofustis,561
Jonquetella,557
Rahnella,551
Thalassiosira,549
Chlorella,545
Eremothecium,545
Caminibacter,524
Ustilago,519
Aciduliprofundum,516
Methanocorpusculum,514
Gemella,513
unclassified (derived from Oceanospirillales),510
Raphidiopsis,509
Pyramidobacter,505
Perkinsus,497
unclassified (derived from Methylophilales),496
Methanohalophilus,493
Chlamydophila,491
Nitrosopumilus,491
Haloquadratum,479
Capsaspora,478
Monosiga,477
Cyanidioschyzon,476
Yarrowia,476
Neorickettsia,474
Gardnerella,471
Halogeometricum,471
Anaerostipes,469
Halomicrobium,464
Methanoplanus,460
Rickettsiella,460
Granulicatella,452
Turicibacter,450
Haloterrigena,447
Natronomonas,446
Toxoplasma,440
Kluyveromyces,439
Subdoligranulum,428
Cryptosporidium,426
Filifactor,426
Strongylocentrotus,423
Picrophilus,421
Halobacterium,419
Coprobacillus,416
Aerococcus,408
Tribolium,408
Scheffersomyces,403
Thermofilum,400
Zea,398
Abiotrophia,396
Haloferax,395
Catonella,392
Micromonas,386
Debaryomyces,382
Candidatus Blochmannia,381
Olsenella,380
Candida,376
Haladaptatus,370
Dorea,368
Shuttleworthia,366
Glycine,360
Phascolarctobacterium,359
unclassified (derived from Clostridiales Family XI. Incertae Sedis),359
unclassified (derived from Myoviridae),356
Methanohalobium,355
unclassified (derived from Enterobacteriaceae),354
Ferroglobus,349
Methanosphaera,347
Beggiatoa,345
Candidatus Korarchaeum,342
Carnobacterium,342
Aeropyrum,341
Canis,333
unclassified (derived from Planctomycetales),332
Erysipelothrix,326
Aminobacter,323
Penicillium,322
Candidatus Regiella,321
Magnaporthe,318
Trichomonas,318
Nakaseomyces,317
Halorubrum,316
Natrialba,308
T4-like viruses,308
Pediculus,306
unclassified (derived from Ruminococcaceae),305
Colpoda,298
Halalkalicoccus,296
Oikopleura,296
Candidatus Hamiltonella,290
Schizophyllum,286
unclassified (derived from Synergistetes),283
Acanthamoeba,282
unclassified (derived from Gemmatimonadales),279
Ureaplasma,278
Entamoeba,277
Pseudoramibacter,277
Coprinopsis,276
Schistosoma,275
Loa,265
Saccoglossus,264
unclassified (derived from Clostridia),262
Mesoplasma,259
Flammeovirga,256
Halorhabdus,256
Hyperthermus,256
Staphylothermus,256
Diaphorobacter,255
Scardovia,254
Taeniopygia,250
unclassified (derived from Acidobacteria),250
Culex,249
Gordonibacter,249
unclassified (derived from Chroococcales),248
Eremococcus,244
Alcaligenes,240
Succinatimonas,234
Podospora,231
Malassezia,230
Nectria,229
Ornithobacterium,228
Ignisphaera,225
Weissella,225
Apis,224
Monodelphis,224
Cenarchaeum,223
Phaeosphaeria,222
unclassified (derived from Viruses),216
Brugia,212
unclassified (derived from Vibrionales),211
Arthroderma,210
Methanopyrus,209
unclassified (derived from Crenarchaeota),208
Lepeophtheirus,206
Epulopiscium,204
Wigglesworthia,201
Arsenophonus,199
Emericella,199
Coccidioides,198
unclassified (derived from Verrucomicrobia),197
Theileria,195
Lysobacter,193
Ajellomyces,189
Komagataella,188
Mimivirus,188
unclassified (derived from Rhodospirillales),187
Nasonia,185
unclassified (derived from Rhizobiales),185
Laccaria,181
Ignicoccus,179
Methanothermus,178
Heliobacillus,176
Puccinia,175
Microbacterium,174
Pan,174
Paracoccidioides,172
unclassified (derived from Thaumarchaeota),172
Metallosphaera,171
Harpegnathos,168
Microvirus,168
Sus,167
Hartmannella,166
unclassified (derived from Podoviridae),166
Blastocystis,165
Ferroplasma,165
Picea,165
Solanum,165
Sclerotinia,164
unclassified (derived from Rhizobiaceae),160
Desulfurococcus,158
Pseudaminobacter,158
Trichinella,158
Caldivirga,157
Bergeyella,154
Spiroplasma,154
Bulleidia,153
Parascardovia,152
Flaveria,151
Heteromita,148
Camponotus,146
Lambda-like viruses,146
Protaspis,146
Metarhizium,143
Pyrenophora,143
Verticillium,143
Chlamydomonas,142
Cyanophora,142
Encephalitozoon,139
Vanderwaltozyma,137
Meyerozyma,136
Pisum,136
Rhodomonas,135
Lodderomyces,134
Guillardia,133
Pongo,133
Solobacterium,133
Elizabethkingia,132
Macaca,129
Tuber,127
Ornithorhynchus,125
Babesia,124
Gallibacterium,124
Chaetomium,120
Clavispora,120
Botryotinia,119
Hydrogenophaga,119
Salmo,119
Equus,118
Ogataea,118
Talaromyces,118
Methanothermococcus,113
Postia,113
Moniliophthora,111
Nicotiana,110
Candidatus Parvarchaeum,109
Zygosaccharomyces,107
Candidatus Micrarchaeum,105
Giardia,105
Odontella,105
Oryctolagus,104
Bpp-1-like viruses,101
Vulcanisaeta,101
unclassified (derived from Myxococcales),100
Ailuropoda,99
Lachancea,99
Glomerella,93
Methylomonas,93
Bosea,92
Leptolyngbya,91
Thermoproteus,91
Geminocystis,87
Reclinomonas,85
Vigna,85
Acidilobus,84
Medicago,84
Chlorovirus,82
Uncinocarpus,82
Chondrus,81
Coptotermes,81
Ensifer,81
Porphyra,81
Bibersteinia,79
Hydrogenophilus,78
Pinus,76
unclassified (derived from Caudovirales),76
Caligus,74
Collimonas,74
Rhodanobacter,73
Glossina,70
Daucus,69
Grosmannia,69
Neosartorya,67
Solenopsis,67
Brassica,66
Candidatus Riesia,66
Halteria,66
Acetabularia,65
Paulinella,65
Sterkiella,65
Emiliania,63
Azohydromonas,61
Gracilaria,60
Leptosphaeria,60
Hymenobacter,59
Advenella,58
Cucumis,58
Rhizopus,58
Allomyces,57
Nephroselmis,57
Prosthecobacter,57
Spinacia,57
unclassified (derived from Spirochaetales),56
Aquabacterium,55
Mycoplana,55
Bombyx,54
Thiocapsa,54
Dolichospermum,53
Myroides,53
Obertrumia,53
Bodomorpha,51
Thermosphaera,51
Enterocytozoon,50
Lipomyces,49
Mesostigma,48
P2-like viruses,48
unclassified (derived from Acidobacteriales),48
Corchorus,47
Cyanidium,47
Kluyvera,47
Pintalia,47
Trichophyton,47
unclassified (derived from Nitrospirae),47
Flexibacter,46
Malawimonas,46
Blastocladiella,44
Glaciibacter,44
Takifugu,44
Ascaris,43
Podura,43
phiKZ-like viruses,43
Nanoarchaeum,42
Pseudonocardia,42
Terrabacter,42
Triticum,42
Micavibrio,41
Simulium,41
Aliquandostipite,40
Catharanthus,40
Chrysodidymus,39
Euglena,39
Hordeum,39
Actinoplanes,38
Castellaniella,38
Methylosulfonomonas,38
Pedomicrobium,38
Tetraodon,38
Brachionus,37
Chlorokybus,37
Phaseolus,37
Virgibacillus,37
Chara,36
Bugula,34
Hyaloraphidium,34
Thecaphora,34
Wickerhamiella,34
Chaos,33
Sulfobacillus,33
Candidatus Zinderia,32
Cephalotaxus,32
Marichromatium,32
Morganella,32
Opisthonecta,32
Callithrix,31
Olpidium,31
unclassified (derived from Pseudomonadales),31
Armillaria,30
Euplotes,30
Acetobacterium,29
Bowenia,29
Pfiesteria,29
Thunnus,29
Trimastix,29
unclassified (derived from Nitrospinaceae),29
Ochromonas,28
unclassified (derived from Pelagophyceae),28
Asaia,27
Cordyceps,27
Isoetes,27
Sporosarcina,27
Trichodina,27
Zygoascus,27
unclassified (derived from Rhodocyclaceae),27
Lecanicillium,26
Physarum,26
Polarella,26
Fischerella,25
Hylobates,25
Monoblepharella,25
Polytomella,25
Silene,25
Subtercola,25
unclassified (derived from Chromatiales),25
unclassified (derived from Halobacteriaceae),25
Kryptoperidinium,24
Maryna,24
Methyloversatilis,24
Moneuplotes,24
Prasinovirus,24
Vitreoscilla,24
Aeromicrobium,23
Chaetosphaeridium,23
Cupressus,23
Fluoribacter,23
Karenia,23
Manduca,23
Nonomuraea,23
Oltmannsiellopsis,23
Petroselinum,23
Phyllobacterium,23
Tepidimonas,23
Trifolium,23
unclassified (derived from Desulfobacterales),23
unclassified (derived from Sphingomonadales),23
Hevea,22
N4-like viruses,22
Nosema,22
Oncorhynchus,22
Thraustochytrium,22
Torrubiella,22
Agromyces,21
Chattonella,21
Cryptomonas,21
Cystobacter,21
Desulfotignum,21
Dyella,21
Fucus,21
Helicosporidium,21
Hygrocybe,21
Ictalurus,21
Jannaschia,21
Mantoniella,21
Phycomyces,21
Sarsia,21
Sphaerotilus,21
Telotrochidium,21
Thalassobius,21
Trueperella,21
unclassified (derived from Pasteurellaceae),21
Agreia,20
Anaerobiospirillum,20
Flexistipes,20
Globodera,20
Kinetoplastibacterium,20
Listonella,20
P22-like viruses,20
Streptoalloteichus,20
Beta,19
Galdieria,19
Lupinus,19
Mesembryanthemum,19
Methylomicrobium,19
Metopion,19
Pimelobacter,19
Solitalea,19
Squalus,19
Tetragenococcus,19
Bigelowiella,18
Candidatus Carsonella,18
Dracunculus,18
Ephedra,18
Ginkgo,18
Griffithsia,18
Heterosigma,18
Laminaria,18
Lithocarpus,18
Mu-like viruses,18
Phaeobotrys,18
Pseudocohnilembus,18
Salinibacterium,18
Xiphias,18
Zonotrichia,18
Actinomadura,17
Aneurinibacillus,17
Aureococcus,17
Blakeslea,17
Curtobacterium,17
Cyclaspis,17
Microchaete,17
Okibacterium,17
Osmerus,17
Pigmentiphaga,17
Spizellomyces,17
unclassified (derived from Phycodnaviridae),17
Capsicum,16
Colpidium,16
Linderina,16
Marchantia,16
Neobodo,16
Nitrosovibrio,16
Paucimonas,16
Rana,16
Raoultella,16
Rhodovulum,16
Thermoactinomyces,16
Urocentrum,16
unclassified (derived from Colpodida),16
unclassified (derived from Comamonadaceae),16
unclassified (derived from Epsilonproteobacteria),16
unclassified (derived from Poxviridae),16
Atoxoplasma,15
Bodo,15
Cryobacterium,15
Cyanobacterium,15
Fibrocapsa,15
Neocallimastix,15
Prorodon,15
Pseudoclavibacter,15
Rhizomucor,15
SPbeta-like viruses,15
Solenostemon,15
Vanessa,15
unclassified (derived from Sphingomonadaceae),15
unclassified (derived from Verrucomicrobiaceae),15
Alloxytropus,14
Brachymonas,14
Cytinus,14
Felis,14
Haplopelma,14
Hemiselmis,14
Latrodectus,14
Oedogonium,14
Rubrivivax,14
Stylonychia,14
Sulculeolaria,14
Tenacibaculum,14
Vaucheria,14
Amphidinium,13
Candidatus Fritschea,13
Cunninghamella,13
Dolichomastix,13
Leotia,13
Methanobacterium,13
Nannochloris,13
Pandoraea,13
Rhizophagus,13
Spirulina,13
unclassified (derived from Ceramiales),13
Alnus,12
Antonospora,12
Avibacterium,12
Cucurbita,12
Leucobacter,12
Lonepinella,12
Mastigamoeba,12
Mesocricetus,12
Orthopoxvirus,12
Pavlova,12
Pelomonas,12
Prototheca,12
Roseateles,12
Scenedesmus,12
Synura,12
unclassified (derived from Metazoa),12
unclassified (derived from Planctomycetaceae),12
Adiantum,11
Arnebia,11
Avipoxvirus,11
Caloramator,11
Echinococcus,11
Machiloides,11
Miamiensis,11
Neoceratium,11
Oryzias,11
Pannonibacter,11
Phalaenopsis,11
Pycnophyes,11
Skeletonema,11
Uroleptus,11
Vorticella,11
Zygnema,11
unclassified (derived from Xanthomonadaceae),11
Adineta,10
Carassius,10
Dunaliella,10
Halochromatium,10
Hydrogenothermus,10
Mallomonas,10
Oleispira,10
Oleomonas,10
P1-like viruses,10
Phlyctochytrium,10
Rhodoplanes,10
Scylla,10
Spirogyra,10
Staurastrum,10
Tatlockia,10
Tissierella,10
Zoogloea,10
unclassified (derived from Eukaryota),10
unclassified (derived from Halichondriidae),10
Acheta,9
Acidianus,9
Afifella,9
Alphabaculovirus,9
Anaspides,9
Aquimonas,9
Arenibacter,9
Artemia,9
Cavia,9
Ceratocymba,9
Eimeria,9
Flustra,9
Glycyrrhiza,9
Heterocapsa,9
Ichthyophthirius,9
Marinosulfonomonas,9
Metridium,9
Mucor,9
Otolemur,9
Pichia,9
Plesiomonas,9
Proteromonas,9
Prunus,9
Pseudendoclonium,9
Pseudochrobactrum,9
Pseudorhodobacter,9
Pyrocystis,9
Raphanus,9
Rhodobium,9
SPO1-like viruses,9
Spodoptera,9
Strigomonas,9
Thiocystis,9
Trichosporon,9
Acidocella,8
Aplysina,8
Balanoglossus,8
Cabomba,8
Carica,8
Columba,8
Craterostigma,8
Culicoides,8
Cyprinivirus,8
Dampiera,8
Dioscorea,8
Durinskia,8
Epsilon15-like viruses,8
Eurythenes,8
Gastrostyla,8
Gossypium,8
Halisarca,8
Harpochytrium,8
Heliothis,8
Ictidomys,8
Maconellicoccus,8
Musa,8
Nyctotherus,8
Odontolejeunea,8
Orthilia,8
Peptococcus,8
Phaeocystis,8
Philodina,8
Planktothrix,8
Pneumocystis,8
Potorous,8
Prasinoderma,8
Pseudourostyla,8
Quinqueloculina,8
Rathayibacter,8
Rhodosporidium,8
Sinella,8
Soliformovum,8
Tatumella,8
Terasakiella,8
Thermochromatium,8
Tolypothrix,8
Ulva,8
Vicia,8
Zoothamnium,8
unclassified (derived from Methylophilaceae),8
unclassified (derived from Porphyromonadaceae),8
Agrococcus,7
Albibacter,7
Alexandrium,7
Anaerobranca,7
Anoplopoma,7
Aphanizomenon,7
Aphanothece,7
Bergeriella,7
Blastobotrys,7
Candidatus Cardinium,7
Candidatus Tremblaya,7
Carchesium,7
Citrus,7
Coleps,7
Crithidia,7
Dermatophagoides,7
Dexiostoma,7
Esox,7
Fasciola,7
Haliotis,7
Heterodoxus,7
Ideonella,7
Idiogaryops,7
Iphiteon,7
Isochrysis,7
Laceyella,7
Lepisosteus,7
Leporipoxvirus,7
Lotharella,7
Mychonastes,7
Myotis,7
Pholiota,7
Plectiscidea,7
Polypterus,7
Porphyrobacter,7
Prasiola,7
Protocruzia,7
Pyrenomonas,7
Pythium,7
Saprolegnia,7
Shinella,7
Simocephalus,7
Smittium,7
Stigeoclonium,7
Sulfuricella,7
Thaumatomonas,7
Tilletia,7
Tulipa,7
Urochloa,7
Vargula,7
unclassified (derived from Planococcaceae),7
unclassified (derived from Synchromophyceae),7
Acidithiomicrobium,6
Aeribacillus,6
Agaricus,6
Amblyrhynchus,6
Apusomonas,6
Caecitellus,6
Candidatus Magnetobacterium,6
Centroceras,6
Ceratitis,6
Chaenocephalus,6
Coccomyxa,6
Coffea,6
Cytomegalovirus,6
Diplogastrellus,6
Elephas,6
Engelhardia,6
Equisetum,6
Frigoribacterium,6
Gueldenstaedtia,6
Hanusia,6
Lactuca,6
Lapemis,6
Maevius,6
Oenothera,6
Oligella,6
Onchocerca,6
Pachygrapsus,6
Perga,6
Phacodinium,6
Phocoenobacter,6
Phrynobatrachus,6
Planobispora,6
Portunus,6
Propionigenium,6
Prosthecomicrobium,6
Pseudogluconobacter,6
Pseudopediastrum,6
Pseudoruegeria,6
Pyramimonas,6
Pyropia,6
Scherffelia,6
Sulfuritalea,6
Symbiodinium,6
Thigmokeronopsis,6
Trachelium,6
Welwitschia,6
unclassified (derived from Gastropoda),6
Adoxophyes,5
Alkalimonas,5
Aphrocallistes,5
Aplysia,5
Aristida,5
Astacopsis,5
Atriplex,5
Blastochloris,5
Caldococcus,5
Candidatus Caldiarchaeum,5
Candidatus Hodgkinia,5
Candidatus Odyssella,5
Chaetodontoplus,5
Cittarium,5
Claroideoglomus,5
Cochliobolus,5
Criblamydia,5
Cricetulus,5
Cuscuta,5
Dactylosporangium,5
Dendronephthya,5
Ectothiorhodospira,5
Eucalyptus,5
Geodia,5
Geranium,5
Glaeseria,5
Glyptapanteles,5
Halobacillus,5
Heliconius,5
Heliophilum,5
Hypocrea,5
Hyposmocoma,5
Hypsibius,5
Ipomoea,5
Ircinia,5
Kabatana,5
Karlodinium,5
Kutzneria,5
L5-like viruses,5
Loxodonta,5
Madrepora,5
Megaleranthis,5
Megamonas,5
Mesobuthus,5
Morus,5
N15-like viruses,5
Novocrania,5
Ochrosphaera,5
Ophiocordyceps,5
Pachysolen,5
Parabodo,5
Pedosphaera,5
Phaffia,5
Phanerochaete,5
Phormidium,5
Pinctada,5
Plantago,5
Pleurochrysis,5
Pleurozia,5
Plodia,5
Rikenella,5
Rozella,5
Saccharothrix,5
Salegentibacter,5
Sandersonia,5
Saprospira,5
Sawyeria,5
Spisula,5
Stappia,5
Synedra,5
Thermodesulforhabdus,5
Tripneustes,5
unclassified (derived from Simkaniaceae),5
unclassified (derived from Spionida),5
Actinidia,4
Allium,4
Alvinella,4
Amorphophallus,4
Anthoceros,4
Aquaspirillum,4
Astragalus,4
Bangiopsis,4
Blepharisma,4
Boletus,4
Calothrix,4
Capsella,4
Chelatococcus,4
Chilodonella,4
Chironomus,4
Chromatium,4
Cryptomeria,4
Ctenocephalides,4
Cycas,4
Epacmus,4
Erodium,4
Eufolliculina,4
Eutrema,4
Gadus,4
Glaucoma,4
Gorilla,4
Halichondria,4
Halocynthia,4
Heliophrya,4
Hyaloperonospora,4
I3-like viruses,4
Inovirus,4
Larix,4
Lechevalieria,4
Lentinula,4
Leptosira,4
Linckia,4
Litopenaeus,4
Lotus,4
Marinoscillum,4
Mayetiola,4
Methylocapsa,4
Methylorhabdus,4
Mougeotia,4
Nannochloropsis,4
Neospora,4
Obelia,4
Pelargonium,4
Phytomonas,4
Piromyces,4
Placobdella,4
Pomacanthus,4
Potamogeton,4
Prymnesium,4
Pseudozyma,4
Pycnococcus,4
Pylaiella,4
Rhipicephalus,4
Rubritalea,4
Saccharomycopsis,4
Sagitta,4
Sarcocystis,4
Sarcophyton,4
Scolops,4
Siphonaria,4
Sorex,4
Sorogena,4
Sparus,4
Sphingosinicella,4
Spironucleus,4
Sporidiobolus,4
Stellaria,4
Suberites,4
Telluria,4
Thalassospira,4
Trachipleistophora,4
Umbilicosphaera,4
Watersipora,4
Xanthophyllomyces,4
Zeldia,4
Zootermopsis,4
unclassified (derived from Chromerida),4
unclassified (derived from Cyanobacteria),4
unclassified (derived from Holosporaceae),4
Acanthaster,3
Acidomonas,3
Acropora,3
Adonis,3
Aeschyntelus,3
Aglaothamnion,3
Akashiwo,3
Anaeroplasma,3
Ancylobacter,3
Aneura,3
Angiopteris,3
Anthopleura,3
Antirrhinum,3
Apriona,3
Aquimarina,3
Arachis,3
Arcella,3
Asplenium,3
Aureobasidium,3
Axinella,3
Bactrocera,3
Besnoitia,3
Blastocrithidia,3
Brachypodium,3
Brenneria,3
Bryopsis,3
Bufo,3
Bunaea,3
Candidatus Portiera,3
Carbophilus,3
Cecidostiba,3
Cenchrus,3
Cercospora,3
Chlamys,3
Chlorogloeopsis,3
Chromera,3
Citrullus,3
Codium,3
Coleochaete,3
Collomia,3
Cryptococcus,3
Cyathermia,3
Cynopterus,3
Cyperus,3
Cyprinus,3
Dermocarpa,3
Diadasia,3
Didymium,3
Dinetus,3
Elaeis,3
Elasmucha,3
Elops,3
Enterorhabdus,3
Entodinium,3
Epistylis,3
Flectobacillus,3
Floydiella,3
Funneliformis,3
Globicatella,3
Gnetum,3
Gracilariopsis,3
Haemonchus,3
Hafnia,3
Haliclona,3
Heterocephalus,3
Heterodera,3
Holospora,3
Holosticha,3
Huperzia,3
Hydrogenimonas,3
Imbribryum,3
Isaria,3
Ishige,3
Isognomon,3
Katsuwonus,3
Kazachstania,3
Lachnocaulon,3
Lamprogaster,3
Leiobunum,3
Lepidodinium,3
Lubomirskia,3
Macfadyena,3
Malus,3
Marinilabilia,3
Marinococcus,3
Melampsora,3
Melipona,3
Methylarcula,3
Microbulbifer,3
Milnesium,3
Morinda,3
Mortierella,3
Mycetocola,3
Neohelice,3
Nephroma,3
Oerskovia,3
Ophiophagus,3
Opisthorchis,3
Oreochromis,3
Oscarella,3
Oxytricha,3
Parachlorella,3
Paralichthys,3
Pedinomonas,3
Pelagomonas,3
Pelodiscus,3
Peripatoides,3
Peronospora,3
Petalonia,3
Plakortis,3
Platyophrya,3
Pleodorina,3
Pleurocapsa,3
Pleurotus,3
Poecilia,3
Polyascus,3
Protothaca,3
Psammechinus,3
Pseudochlorella,3
Pseudomicrothorax,3
Pseudotsuga,3
Pterostemon,3
Rhagophthalmus,3
Rhizamoeba,3
Rhodiola,3
Rhodoferax,3
Rimicaris,3
Ruminobacter,3
Scenopinus,3
Schiedea,3
Scotophilus,3
Scytosiphon,3
Sinapis,3
Skogsbergia,3
Stauralia,3
Stemphylium,3
Suipoxvirus,3
Taenia,3
Takakia,3
Tenebrio,3
Theobroma,3
Thermomyces,3
Thiodictyon,3
Thiothrix,3
Thiovirga,3
Tigriopus,3
Triatoma,3
Trichosanthes,3
Triphysaria,3
Tritrichomonas,3
Tsuga,3
Tupaia,3
Urospora,3
Vannella,3
Varroa,3
Venturia,3
Viridibacillus,3
Volvariella,3
Xestospongia,3
unclassified (derived from Bradyrhizobiaceae),3
unclassified (derived from Caulobacteraceae),3
unclassified (derived from Hymenoptera),3
unclassified (derived from Oxymonadida),3
unclassified (derived from Sphingobacteriaceae),3
unclassified (derived from Thermotogales),3
unclassified (derived from Ulvophyceae),3
Acanthoscelides,2
Achlya,2
Acorus,2
Acrochaete,2
Actinobaculum,2
Aglossa,2
Alloscardovia,2
Amoebidium,2
Amphibacillus,2
Amphora,2
Anas,2
Ancyromonas,2
Andrographis,2
Anguilla,2
Avena,2
Azonexus,2
Azorhizophilus,2
Azospira,2
Batrachochytrium,2
Benthoctopus,2
Biston,2
Blumeria,2
Bombus,2
Bothrops,2
Brochothrix,2
Cafeteria,2
Calanus,2
Calliphora,2
Calumia,2
Campsicnemus,2
Candidatus Chloracidobacterium,2
Candidatus Glomeribacter,2
Candidatus Midichloria,2
Candidatus Nicolleia,2
Canna,2
Capitella,2
Capripoxvirus,2
Carukia,2
Catoptria,2
Cedrus,2
Ceratiomyxa,2
Ceratopteris,2
Ceratosolen,2
Chenopodium,2
Chondromyces,2
Chromulina,2
Clonorchis,2
Codonopsis,2
Coenonia,2
Conilurus,2
Corallococcus,2
Cornus,2
Cortinarius,2
Costaria,2
Crassostrea,2
Cryptocellus,2
Cyamopsis,2
Cyclotella,2
Cymbium,2
Cystobranchus,2
Dactylococcopsis,2
Dactyloctenium,2
Delia,2
Dendrocoelum,2
Dianthus,2
Diceros,2
Dictyota,2
Didelphis,2
Dinophysis,2
Diospyros,2
Diplonema,2
Doryteuthis,2
Drepanomonas,2
Dugesia,2
Ebria,2
Edosa,2
Edwardsia,2
Efflatouniella,2
Elephantulus,2
Elodea,2
Euchorthippus,2
Euphorbia,2
Eurytemora,2
Eutreptiella,2
Fagopyrum,2
Fagus,2
Flexithrix,2
Florenciella,2
Fritillaria,2
Ganoderma,2
Gasterosteus,2
Gekko,2
Gelidium,2
Glottidia,2
Graphocephala,2
Halimeda,2
Halococcus,2
Hanseniaspora,2
Helobdella,2
Hemicentrotus,2
Heterodontus,2
Hydrocharis,2
Hyperamoeba,2
Ignatzschineria,2
Kiitricha,2
Klebsormidium,2
Koerneria,2
Lemna,2
Lineus,2
Lingulodinium,2
Lithobius,2
Lobochlamys,2
Lysiphlebus,2
Lytechinus,2
Madracis,2
Malonomonas,2
Marinobacterium,2
Marinovum,2
Massilia,2
Mastigocladus,2
Melanerpes,2
Melicertum,2
Melittangium,2
Methylohalomonas,2
Methylopila,2
Microbispora,2
Microlepia,2
Microlunatus,2
Microvirga,2
Mitsuaria,2
Moina,2
Monascus,2
Monocercomonoides,2
Monsonia,2
Mycena,2
Mytilus,2
Naumovozyma,2
Necterosoma,2
Nesterenkonia,2
Nitrososphaera,2
Oceanobacter,2
Oceanospirillum,2
Odoribacter,2
Oocystis,2
Ophiocytium,2
Orpinomyces,2
Oxyrrhis,2
Panonychus,2
Papilio,2
Papio,2
Paramacrobiotus,2
Parnassia,2
Parribacus,2
Pasteuria,2
Pelagodinium,2
Persicobacter,2
Phakopsora,2
PhiC31-like viruses,2
Phieco32-like viruses,2
Phrosina,2
Pieris,2
Piriformospora,2
Plakina,2
Plantibacter,2
Plasmopara,2
Platynereis,2
Pleurodeles,2
Plocamiocolax,2
Podocoryna,2
Poeciliopsis,2
Pomatoceros,2
Prochlorothrix,2
Prorocentrum,2
Psalteriomonas,2
Pseudoperkinsus,2
Psilanthus,2
Psilotum,2
Pterocarya,2
Ptychodera,2
Pusillimonas,2
Radix,2
Rafflesia,2
Ralfsia,2
Raorchestes,2
Raphidiophrys,2
Rapona,2
Rhadinovirus,2
Rhodelinda,2
Rhodothalassium,2
Rhodovibrio,2
Rhynchomonas,2
Rhynocoris,2
Rhyparobia,2
Schmidtea,2
Scytonema,2
Selenops,2
Sesbania,2
Setaria,2
Severiana,2
Simkania,2
Siphonodentalium,2
Sloanea,2
Soehngenia,2
Spencermartinsia,2
Spermatozopsis,2
Steinernema,2
Stemonitis,2
Stentor,2
Stephanodiscus,2
Streptocephalus,2
Styela,2
Suaeda,2
Synalpheus,2
T7-like viruses,2
Taeniaptera,2
Talpa,2
Tarentola,2
Taxus,2
Tepidimicrobium,2
Terebratulina,2
Tetmemena,2
Tetraphis,2
Tetraplatia,2
Tetrasphaera,2
Thalassobacter,2
Thermocrispum,2
Thermoflavimicrobium,2
Thermoleophilum,2
Thiohalocapsa,2
Thiorhodovibrio,2
Tineola,2
Torpedo,2
Toxoptera,2
Trebouxia,2
Trichomitus,2
Trichostrongylus,2
Trogoptera,2
Ulocladium,2
Urechis,2
Varicellovirus,2
Westiellopsis,2
Wiedemannia,2
Xenoturbella,2
Zobellia,2
unclassified (derived from Campylobacteraceae),2
unclassified (derived from Chordeumatida),2
unclassified (derived from Fungi),2
unclassified (derived from Hemiptera),2
unclassified (derived from Lepidoptera),2
unclassified (derived from Marseillevirus family),2
unclassified (derived from Moraxellaceae),2
unclassified (derived from Nostocaceae),2
unclassified (derived from Oxalobacteraceae),2
unclassified (derived from Prasinophyceae),2
unclassified (derived from Propionibacteriaceae),2
Acanthocyclops,1
Acanthopagrus,1
Achelia,1
Acrocirridae gen. 1 KJO-2009,1
Actaea,1
Actinocorallia,1
Actinotus,1
Aegilops,1
Agalinis,1
Agriopis,1
Ahnfeltia,1
Alcyonidium,1
Alkalibacterium,1
Alkalispirillum,1
Aloe,1
Alphalipothrixvirus,1
Alpheus,1
Alsophila,1
Ammothea,1
Amoeba,1
Amphimedon,1
Amphitrite,1
Amylomyces,1
Amylostereum,1
Anacropora,1
Anastrepha,1
Andalucia,1
Anisomeles,1
Anomospermum,1
Anophryoides,1
Anser,1
Antanartia,1
Antheraea,1
Anthocidaris,1
Anthonomus,1
Apatelodes,1
Aphodius,1
Aphonopelma,1
Apsilocephala,1
Aquincola,1
Arachnula,1
Arbacia,1
Argosarchus,1
Arisaema,1
Arius,1
Armadillidium,1
Artemisia,1
Ascidia,1
Ascobolus,1
Ascogregarina,1
Ascovirus,1
Asparagus,1
Asterias,1
Astrangia,1
Asymmetron,1
Atrina,1
Atteva,1
Aurelia,1
Australiorylon,1
Azovibrio,1
Balanus,1
Balliopsis,1
Bankia,1
Baphicacanthus,1
Barentsia,1
Bathymodiolus,1
Bdelloura,1
Belgica,1
Bemisia,1
Berthellina,1
Betabaculovirus,1
Betaentomopoxvirus,1
Bicaudavirus,1
Bilobella,1
Biomphalaria,1
Blastobacter,1
Boeckaxelia,1
Boehmeria,1
Borago,1
Bostrychia,1
Botryocladia,1
Botryosphaeria,1
Bovicola,1
Brachidontes,1
Bremia,1
Breviata,1
Bromus,1
Bruceiella,1
Bubalus,1
Bursaphelenchus,1
Bursaria,1
Calcidiscus,1
Caldanaerobius,1
Caldibacillus,1
Callicebus,1
Calliobothrium,1
Callithamnion,1
Callosobruchus,1
Calyptrosphaera,1
Campanulotes,1
Camptotheca,1
Campula,1
Candidatus Azobacteroides,1
Candidatus Endobugula,1
Candidatus Hemobacterium,1
Candidatus Rhodoluna,1
Caragana,1
Carex,1
Carposina,1
Carteria,1
Casuarina,1
Catalpa,1
Cavicularia,1
Cebus,1
Cedecea,1
Cellulosimicrobium,1
Celosia,1
Cenococcum,1
Ceratomyxa,1
Ceratophyllum,1
Cercomonas,1
Cercopis,1
Chabertia,1
Chaetocladium,1
Chaetoderma,1
Cheilanthes,1
Chelepteryx,1
Cheyletus,1
Childia,1
Chilo,1
Chlainomonas,1
Chlamydiamicrovirus,1
Chloranthus,1
Chlorarachnion,1
Chloromonas,1
Chondrosia,1
Chorispora,1
Chorizandra,1
Chroomonas,1
Chrysomela,1
Chrysymenia,1
Cicer,1
Cimex,1
Cistanche,1
Cladium,1
Clavaria,1
Clistosaccus,1
Closterium,1
Clupea,1
Clytia,1
Cobetia,1
Coccolithovirus,1
Codakia,1
Codringtonia,1
Coelomactra,1
Coelomomyces,1
Convolvulus,1
Coprinellus,1
Corallochytrium,1
Cordia,1
Craneopsylla,1
Craspedacusta,1
Craterellus,1
Crepidula,1
Cristaria,1
Crustomastix,1
Cryphonectria,1
Crypthecodinium,1
Cryptobia,1
Cryptovalsa,1
Curarea,1
Curdiea,1
Cyclidium,1
Cyclobacterium,1
Cyclospora,1
Cyclotorna,1
Cylindrocapsa,1
Cylindrocystis,1
Cylindroiulus,1
Cylindrotheca,1
Cymodocea,1
Cynodon,1
Cystofilobasidium,1
Dactylella,1
Dactyloptena,1
Damiria,1
Darwinella,1
Dasypus,1
Dasypyrum,1
Datisca,1
Decipisagitta,1
Dendrobium,1
Dendroctonus,1
Denitromonas,1
Derbesia,1
Desmarestia,1
Desulfuromusa,1
Devescovina,1
Devosia,1
Diabrotica,1
Diacronema,1
Diaphorina,1
Dictyocaulus,1
Dictyocha,1
Dietes,1
Digitalis,1
Digitaria,1
Diguetia,1
Dileptus,1
Dilkea,1
Dimocarpus,1
Dinothrombium,1
Diogmites,1
Diophrys,1
Diplolaimella,1
Diplonychus,1
Diplorickettsia,1
Dirofilaria,1
Discosoma,1
Dissostichus,1
Ditylum,1
Dolichoderus,1
Drimys,1
Drosera,1
Dufourea,1
Duganella,1
Dulacia,1
Dysmorphococcus,1
Echinorhynchus,1
Eclysippe,1
Ecteinascidia,1
Eleusine,1
Endogone,1
Enhygromyxa,1
Enterovibrio,1
Enterovirus,1
Entomophthora,1
Entomoplasma,1
Epichloe,1
Epicopeia,1
Epidermophyton,1
Epifagus,1
Epinephelus,1
Eremias,1
Eremitis,1
Eremocosta,1
Eschaneustyla,1
Esomus,1
Eucalanus,1
Euclemensia,1
Euhadra,1
Eunice,1
Eupolyphaga,1
Eupomatia,1
Euptera,1
Eurypharynx,1
Eutegaeus,1
Eutintinnus,1
Evexus,1
Exophiala,1
Fenneropenaeus,1
Festuca,1
Flintiella,1
Floerkea,1
Fomitopsis,1
Forcipomyia,1
Fossombronia,1
Frontonia,1
Fructobacillus,1
Fulgoraecia,1
Fundulus,1
Fusarium,1
Fusochloris,1
Gaeumannomyces,1
Gelidiella,1
Geminigera,1
Geomitra,1
Gigaspora,1
Gillichthys,1
Ginglymostoma,1
Glaciecola,1
Glaucocystis,1
Gloeothece,1
Gloma,1
Glomus,1
Glossomastix,1
Glyptotendipes,1
Gonatocerus,1
Gonyosoma,1
Graptacme,1
Gryllus,1
Guizotia,1
Gunnera,1
Gyalecta,1
Gymnema,1
Gymnochlora,1
Gymnodinium,1
Gymnophrys,1
Haematococcus,1
Halacaropsis,1
Hampeella,1
Hanseniella,1
Harpagifer,1
Hebeloma,1
Helcococcus,1
Helianthemum,1
Helianthus,1
Heliotropium,1
Heliozela,1
Hemibarbus,1
Heptathela,1
Herpetomonas,1
Heterakis,1
Heterococcus,1
Heterogynis,1
Heterometrus,1
Hexagenia,1
Hexamermis,1
Hexamita,1
Himantothallus,1
Hirtodrosophila,1
Hirudinaria,1
Hirudo,1
Histomonas,1
Histriculus,1
Holsingeria,1
Hoplomyzon,1
Horatosphaga,1
Hordelymus,1
Humicola,1
Hutchinsoniella,1
Hyalella,1
Hyalophysa,1
Hydnora,1
Hydroglyphus,1
Hymenolepis,1
Hymenopellis,1
Hypera,1
Hypnea,1
Ichthyophonus,1
Igernella,1
Imperata,1
Imtechium,1
Iotrochota,1
Ipomovirus,1
Ischnura,1
Isoptericola,1
Ixora,1
Jacquemontia,1
Jasminum,1
Javania,1
Jomonlithus,1
Jubula,1
Juniperus,1
Kallima,1
Katablepharis,1
Kephyes,1
Kibramoa,1
Kodamaea,1
Kozakia,1
Kurthia,1
Laccogrypota,1
Laccotrephes,1
Lachenalia,1
Lacosoma,1
Lactarius,1
Lagenorhynchus,1
Lamna,1
Lampyroidea,1
Larrea,1
Lathyrus,1
Leathesia,1
Leea,1
Leiolepis,1
Leiopathes,1
Leisingera,1
Leminorella,1
Lentzea,1
Lepetodrilus,1
Lepidochitona,1
Lepidosiren,1
Leptomonas,1
Leptotrombidium,1
Leucocryptos,1
Leucothrix,1
Libinia,1
Lilium,1
Limax,1
Limnadia,1
Linnaea,1
Linum,1
Liposcelis,1
Litchi,1
Lithospermum,1
Littoraria,1
Locusta,1
Lolium,1
Lonchoptera,1
Lonicera,1
Lonomia,1
Lonsdalea,1
Loxodes,1
Lucilia,1
Luciola,1
Lumbricus,1
Lygodium,1
Lynceus,1
Maccullochella,1
Macropus,1
Macroscelides,1
Macrozamia,1
Magnolia,1
Mamastrovirus,1
Manihot,1
Manis,1
Marattia,1
Marsupenaeus,1
Martelella,1
Mastadenovirus,1
Mastocarpus,1
Matteuccia,1
Mechercharimyces,1
Melanophylla,1
Melinaea,1
Melissococcus,1
Melitaea,1
Meloidogyne,1
Membracis,1
Mentzelia,1
Meriones,1
Mesocyclops,1
Mesodinium,1
Metacnephia,1
Metajapyx,1
Metasequoia,1
Methanomicrobium,1
Methylosarcina,1
Methylovirgula,1
Metschnikowia,1
Micrantheum,1
Microciona,1
Microcosmus,1
Milium,1
Millerozyma,1
Mimachlamys,1
Mitostemma,1
Monocercomonas,1
Monochoria,1
Monomastix,1
Montinia,1
Mugil,1
Mycosphaerella,1
Myosotella,1
Myxine,1
Narcissus,1
Narella,1
Nautilus,1
Naxella,1
Nebalia,1
Necropsobacter,1
Negativicoccus,1
Negombata,1
Neochlamydia,1
Neodiprion,1
Neogymnocrinus,1
Neolecta,1
Neoparamoeba,1
Nerada,1
Nereis,1
Netrium,1
Neurada,1
Nicoletia,1
Noctiluca,1
Nolandella,1
Nomada,1
Norovirus,1
Notophthalmus,1
Nuclearia,1
Nucula,1
Nuphar,1
Nymphaea,1
Oceanimonas,1
Ochlerotatus,1
Ocimum,1
Olisthodiscus,1
Oncomelania,1
Onuphis,1
Opalina,1
Ophiocomina,1
Ophiomyxa,1
Ophiostoma,1
Ophryoxus,1
Oreohelix,1
Ormyromorpha,1
Ornithodoros,1
Orussus,1
Ostrea,1
Ostrinia,1
Ourococcus,1
Ovammina,1
Ovis,1
Oxobacter,1
Padina,1
Pagrus,1
Paguristes,1
Palpitomonas,1
Panagrolaimus,1
Panax,1
Pandora,1
Panulirus,1
Paracentrotus,1
Paralepidonotus,1
Paraspadella,1
Paraurostyla,1
Paspalum,1
Passiflora,1
Pecten,1
Pedinella,1
Pelinobius,1
Pelistega,1
Pelvetia,1
Peripatus,1
Periplaneta,1
Peromyscus,1
Persea,1
Petrobiona,1
Petromarula,1
Petrophila,1
Petunia,1
Phaeovirus,1
Phazaca,1
Phelline,1
Philasterides,1
Philydrum,1
Photuris,1
Phragmidium,1
Physoderma,1
Phytopythium,1
Pilobolus,1
Pimephales,1
Piper,1
Pipunculus,1
Piscirickettsia,1
Pisolithus,1
Plagiochasma,1
Planctonema,1
Plasmavirus,1
Plasmoverna,1
Platychrysis,1
Platystomum,1
Plesiobatis,1
Plethodon,1
Pleurophycus,1
Plumbago,1
Plutella,1
Pogostemon,1
Pollicipes,1
Polyandrocarpa,1
Polychytrium,1
Polyrhachis,1
Polystrata,1
Polytrichum,1
Porites,1
Porphyridium,1
Prasinococcus,1
Praya,1
Priasilpha,1
Prionoxystus,1
Prodoxus,1
Promachus,1
Promicromonospora,1
Protoglossum,1
Protoperidinium,1
Psacothea,1
Pseudanabaena,1
Pseudocodium,1
Pseudophaloe,1
Pseudospirillum,1
Pseudostylochus,1
Pseudotrichonympha,1
Psychroteuthis,1
Pthirus,1
Puccinellia,1
Pycnoporus,1
Pygoplites,1
Pyrgillus,1
Pyrgulopsis,1
Pyrrhia,1
Quercus,1
Raveniella,1
Rhabdochromatium,1
Rheum,1
Rhizomnium,1
Rhodobaca,1
Rhodophysema,1
Ribautia,1
Riccardia,1
Ricordea,1
Riedelia,1
Rineloricaria,1
Roboastra,1
Roeslerstammia,1
Rosa,1
Roseivivax,1
Rotaria,1
Roussea,1
Rubus,1
Ruthnielsenia,1
Saccharina,1
Saccinobaculus,1
Saemundssonia,1
Sahlingia,1
Salipiger,1
Salvia,1
Samsonia,1
Santalum,1
Sarcoptes,1
Scaevola,1
Scelio,1
Sceloporus,1
Schlegelella,1
Sclerobunus,1
Scoliopteryx,1
Scolopendra,1
Scopulariopsis,1
Scyllarides,1
Seirospora,1
Sejongia,1
Sepioteuthis,1
Serinicoccus,1
Sialis,1
Silicularia,1
Siphonosoma,1
Sisymbrium,1
Solenostomus,1
Solimonas,1
Sonneratia,1
Spadella,1
Spathiphyllum,1
Spathius,1
Sphaerechinus,1
Sphaerodactylus,1
Sphaerospermopsis,1
Sphagnum,1
Sphyraena,1
Spirastrella,1
Spirillospora,1
Spirometra,1
Spiromyces,1
Spirostomum,1
Spongilla,1
Sporanaerobacter,1
Sporobolus,1
Sporolactobacillus,1
Sporothrix,1
Stanieria,1
Stenochrus,1
Stenostomum,1
Stenoxybacter,1
Stephanoeca,1
Stephanomia,1
Stephanopogon,1
Sterolibacterium,1
Stevia,1
Stipagrostis,1
Storeatula,1
Striacosta,1
Strongyloides,1
Stylonema,1
Sugiyamaella,1
Swiftia,1
Sycon,1
Sympagella,1
Symplana,1
Syncephalis,1
Synchytrium,1
Syntrichia,1
Syringoderma,1
Syrrhopodon,1
T1-like viruses,1
Tabanocella,1
Talipariti,1
Tamarix,1
Tannerella,1
Tectaria,1
Teleaulax,1
Telmatospirillum,1
Terracoccus,1
Terribacillus,1
Tetracapsuloides,1
Tetraclita,1
Tetracoccus,1
Tetranychus,1
Thalassarche,1
Thamnophis,1
Thecadactylus,1
Thecadinium,1
Thermacetogenium,1
Thiococcus,1
Thiolamprovum,1
Thlaspi,1
Thorichthys,1
Thrinchus,1
Thylacodes,1
Tipula,1
Tistrella,1
Todarodes,1
Trachipterus,1
Tragopogon,1
Tremella,1
Trialeurodes,1
Tribolodon,1
Trichococcus,1
Trichoderma,1
Tricholestes,1
Trichoniscus,1
Trichoplusia,1
Trichuris,1
Trigonia,1
Trithuria,1
Trivella,1
Tubastraea,1
Tubulipora,1
Turbinaria,1
Turicella,1
Typha,1
Ufeus,1
Urania,1
Uromycladium,1
Uronema,1
Urostyla,1
Vegetia,1
Verruca,1
Viola,1
Viscum,1
Vogesella,1
Wautersiella,1
Whispovirus,1
Widdringtonia,1
Wollemia,1
Xanthoria,1
Xenagama,1
Yoldia,1
Zamia,1
Zelanion,1
Zeugites,1
Zingiber,1
Zymobacter,1
unclassified (derived from Alcaligenaceae),1
unclassified (derived from Alloherpesviridae),1
unclassified (derived from Amphipoda),1
unclassified (derived from Arachnida),1
unclassified (derived from Chromulinaceae),1
unclassified (derived from Corallinales),1
unclassified (derived from Desulfohalobiaceae),1
unclassified (derived from Diplopoda),1
unclassified (derived from Diptera),1
unclassified (derived from Erythropeltidales),1
unclassified (derived from Gigartinales),1
unclassified (derived from Halictophagidae),1
unclassified (derived from Halocyprida),1
unclassified (derived from Hyphomonadaceae),1
unclassified (derived from Labyrinthulida),1
unclassified (derived from Laminariales),1
unclassified (derived from Mesostigmata),1
unclassified (derived from Methylococcaceae),1
unclassified (derived from Mimiviridae),1
unclassified (derived from Oscillatoriales),1
unclassified (derived from Perciformes),1
unclassified (derived from Porifera),1
unclassified (derived from Rhodospirillaceae),1
unclassified (derived from Sphingidae),1
